[{"id":"719529094652698624","cashtag":"$CTRP","sentiment score":0.68},{"id":"39048670","cashtag":"$INTC","sentiment score":0.97},{"id":"37048093","cashtag":"$PANW","sentiment score":0.74},{"id":"6207860","cashtag":"$JRCC","sentiment score":1},{"id":"719911771625140224","cashtag":"$SBUX","sentiment score":0.98},{"id":"719571433307955200","cashtag":"$TSLA","sentiment score":-0.92},{"id":"711874651043926016","cashtag":"$MAR","sentiment score":1},{"id":"719559500852662272","cashtag":"$ABBV","sentiment score":0.85},{"id":"709737853639663616","cashtag":"$MS","sentiment score":-0.877},{"id":"30084443","cashtag":"$BJRI","sentiment score":1},{"id":"711948847971307520","cashtag":"$AAPL","sentiment score":0.97},{"id":"710211237058093056","cashtag":"$MCD","sentiment score":0.85},{"id":"709777793798656000","cashtag":"$GWPH","sentiment score":0.98},{"id":"719917003033681920","cashtag":"$QUNR","sentiment score":0.82},{"id":"39047884","cashtag":"$ESI","sentiment score":0.7},{"id":"719590251891658752","cashtag":"$TSLA","sentiment score":-0.53},{"id":"32349177","cashtag":"$HYG","sentiment score":0.95},{"id":"5933426","cashtag":"$AMZN","sentiment score":0.93},{"id":"17892972","cashtag":"$MW","sentiment score":-0.75},{"id":"22409313","cashtag":"$MSTX","sentiment score":1},{"id":"719895099300139008","cashtag":"$TSLA","sentiment score":-0.73},{"id":"719533378698100736","cashtag":"$FB","sentiment score":-0.88},{"id":"11685342","cashtag":"$DARA","sentiment score":-0.76},{"id":"38563467","cashtag":"$GS","sentiment score":-0.81},{"id":"8472562","cashtag":"$BAC","sentiment score":0.94},{"id":"5866181","cashtag":"$SPY","sentiment score":-0.73},{"id":"26553639","cashtag":"$DVAX","sentiment score":0.95},{"id":"719571926285312000","cashtag":"$ENDP","sentiment score":-0.87},{"id":"5453104","cashtag":"$VMW","sentiment score":0.95},{"id":"708381004180795392","cashtag":"$FB","sentiment score":0.82},{"id":"5960481","cashtag":"$BIDU","sentiment score":0.85},{"id":"709780511200317440","cashtag":"$COST","sentiment score":0.77},{"id":"708355634857529344","cashtag":"$CPGX","sentiment score":1},{"id":"709741154393133056","cashtag":"$INTC","sentiment score":-1},{"id":"719515248571473920","cashtag":"$FB","sentiment score":0.583},{"id":"29666346","cashtag":"$UNXL","sentiment score":0.91},{"id":"15981627","cashtag":"$AAPL","sentiment score":-0.86},{"id":"719573068864032768","cashtag":"$ENDP","sentiment score":0.81},{"id":"5379023","cashtag":"$VPRT","sentiment score":0.7},{"id":"710965451677827072","cashtag":"$AMP","sentiment score":0.742},{"id":"24697241","cashtag":"$AMRN","sentiment score":-0.84},{"id":"5853626","cashtag":"$GOOG","sentiment score":-0.59},{"id":"34103560","cashtag":"$PLUG","sentiment score":0.93},{"id":"29364798","cashtag":"$BBRY","sentiment score":-0.52},{"id":"15349675","cashtag":"$KGC","sentiment score":0.9},{"id":"710475186353475584","cashtag":"$TWTR","sentiment score":0.93},{"id":"719732320404709376","cashtag":"$OGS","sentiment score":1},{"id":"35980487","cashtag":"$AAPL","sentiment score":0.84},{"id":"710863854381563904","cashtag":"$HYG","sentiment score":1},{"id":"719493174167625728","cashtag":"$USO","sentiment score":0.76},{"id":"7867073","cashtag":"$AAPL","sentiment score":-0.72},{"id":"8562689","cashtag":"$RA","sentiment score":0.81},{"id":"719538296204959744","cashtag":"$INSY","sentiment score":0.78},{"id":"719498634803458048","cashtag":"$CSX","sentiment score":1},{"id":"719524328363073536","cashtag":"$FB","sentiment score":0.582},{"id":"27121711","cashtag":"$BBBY","sentiment score":-1},{"id":"719881403970818048","cashtag":"$DB","sentiment score":0.97},{"id":"719507659741872128","cashtag":"$INSY","sentiment score":-0.96},{"id":"719535506980265984","cashtag":"$JPM","sentiment score":0.97},{"id":"719881985909350400","cashtag":"$FB","sentiment score":0.99},{"id":"24458298","cashtag":"$CROX","sentiment score":-0.9},{"id":"17782586","cashtag":"$SCTY","sentiment score":0.81},{"id":"5497092","cashtag":"$AAPL","sentiment score":0.99},{"id":"38224737","cashtag":"$NTRS","sentiment score":0.67},{"id":"36006797","cashtag":"$VZ","sentiment score":0.64},{"id":"719571596462133248","cashtag":"$GOOGL","sentiment score":0.96},{"id":"709411365299982336","cashtag":"$SUNE","sentiment score":-0.82},{"id":"719550842475393024","cashtag":"$SBUX","sentiment score":0.74},{"id":"23547862","cashtag":"$KNDI","sentiment score":0.98},{"id":"6178538","cashtag":"$MSFT","sentiment score":1},{"id":"719508310207111168","cashtag":"$SIRI","sentiment score":0.7},{"id":"719535831040401408","cashtag":"$NFLX","sentiment score":-0.8},{"id":"30856626","cashtag":"$AAPL","sentiment score":0.88},{"id":"31132360","cashtag":"$IMRS","sentiment score":0.75},{"id":"37935490","cashtag":"$ONTY","sentiment score":-0.79},{"id":"719532032305573888","cashtag":"$NFLX","sentiment score":0.93},{"id":"37892470","cashtag":"$VNDA","sentiment score":0.58},{"id":"719614954500857856","cashtag":"$DISCA","sentiment score":1},{"id":"708410688230842368","cashtag":"$PDCO","sentiment score":0.96},{"id":"17785769","cashtag":"$GS","sentiment score":1},{"id":"719551394798268416","cashtag":"$WM","sentiment score":1},{"id":"11875799","cashtag":"$AAPL","sentiment score":0.74},{"id":"5514207","cashtag":"$BHP","sentiment score":0.7},{"id":"37450150","cashtag":"$DIA","sentiment score":-0.91},{"id":"719915914120921088","cashtag":"$DUST","sentiment score":-0.98},{"id":"9738169","cashtag":"$EDU","sentiment score":0.55},{"id":"8213941","cashtag":"$AAPL","sentiment score":-0.98},{"id":"719861575759372288","cashtag":"$FB","sentiment score":-0.87},{"id":"31143613","cashtag":"$SNE","sentiment score":0.81},{"id":"709176395461750784","cashtag":"$GOOG","sentiment score":0.79},{"id":"5835477","cashtag":"$EUR","sentiment score":-0.93},{"id":"6445155","cashtag":"$MFLX","sentiment score":-0.93},{"id":"719726286227132416","cashtag":"$FB","sentiment score":0.933},{"id":"5784142","cashtag":"$AIS","sentiment score":0.51},{"id":"31518357","cashtag":"$VXX","sentiment score":-0.78},{"id":"5398884","cashtag":"$KBE","sentiment score":0.86},{"id":"8351517","cashtag":"$AAPL","sentiment score":0.59},{"id":"719905344957222912","cashtag":"$GOOG","sentiment score":0.91},{"id":"719644552047362048","cashtag":"$NFLX","sentiment score":-0.97},{"id":"33623906","cashtag":"$AAPL","sentiment score":0.7},{"id":"719909604654624768","cashtag":"$VZ","sentiment score":0.99},{"id":"719582832541179904","cashtag":"$TSLA","sentiment score":-0.72},{"id":"719546315332546560","cashtag":"$MAR","sentiment score":0.8},{"id":"711113383341199360","cashtag":"$ABC","sentiment score":1},{"id":"719493174167625728","cashtag":"$AAPL","sentiment score":0.76},{"id":"709834259687710720","cashtag":"$MNK","sentiment score":-0.94},{"id":"719528163596873728","cashtag":"$BBBY","sentiment score":0.93},{"id":"29289791","cashtag":"$IFF","sentiment score":-0.94},{"id":"37312789","cashtag":"$STLD","sentiment score":1},{"id":"36297090","cashtag":"$GILD","sentiment score":-0.97},{"id":"5422915","cashtag":"$OIL","sentiment score":0.69},{"id":"32728385","cashtag":"$AAPL","sentiment score":0.95},{"id":"709723193125175296","cashtag":"$WMT","sentiment score":-0.94},{"id":"11204903","cashtag":"$SLV","sentiment score":0.96},{"id":"19607999","cashtag":"$AMZN","sentiment score":-0.95},{"id":"709779449663721472","cashtag":"$FLT","sentiment score":-0.8},{"id":"19388705","cashtag":"$UL","sentiment score":-0.86},{"id":"12800394","cashtag":"$BBRY","sentiment score":0.93},{"id":"5526621","cashtag":"$UUP","sentiment score":-0.65},{"id":"11983857","cashtag":"$AAPL","sentiment score":0.95},{"id":"719644552047362048","cashtag":"$VG","sentiment score":-0.89},{"id":"7399381","cashtag":"$IWC","sentiment score":0.98},{"id":"20469877","cashtag":"$BEAT","sentiment score":1},{"id":"709723193125175296","cashtag":"$HD","sentiment score":-0.72},{"id":"12196849","cashtag":"$TNA","sentiment score":0.88},{"id":"9416020","cashtag":"$SPY","sentiment score":0.9},{"id":"9742736","cashtag":"$WMT","sentiment score":0.99},{"id":"710525327072583680","cashtag":"$FB","sentiment score":0.52},{"id":"719587542337720320","cashtag":"$YHOO","sentiment score":0.99},{"id":"18567587","cashtag":"$AMCN","sentiment score":0.95},{"id":"719525586863988736","cashtag":"$FB","sentiment score":-0.79},{"id":"5582309","cashtag":"$HITK","sentiment score":0.95},{"id":"9358281","cashtag":"$PPG","sentiment score":0.85},{"id":"5419254","cashtag":"$SPX","sentiment score":-0.55},{"id":"29685449","cashtag":"$OIL","sentiment score":-0.9},{"id":"708375808793026560","cashtag":"$SPY","sentiment score":0.76},{"id":"22100916","cashtag":"$FB","sentiment score":0.89},{"id":"17454753","cashtag":"$TSLA","sentiment score":1},{"id":"719530996681568256","cashtag":"$FXE","sentiment score":-1},{"id":"719562665081737216","cashtag":"$TSLA","sentiment score":-0.617},{"id":"709776718026768384","cashtag":"$NKE","sentiment score":0.99},{"id":"719732320404709376","cashtag":"$ROST","sentiment score":1},{"id":"18183440","cashtag":"$SIRI","sentiment score":1},{"id":"21026010","cashtag":"$CDTI","sentiment score":0.87},{"id":"709731726726193152","cashtag":"$VRX","sentiment score":1},{"id":"719891468173844480","cashtag":"$FB","sentiment score":0.9},{"id":"719599977480253440","cashtag":"$WFC","sentiment score":1},{"id":"709787137881858048","cashtag":"$AMZN","sentiment score":0.9},{"id":"719888646241955840","cashtag":"$AIG","sentiment score":0.96},{"id":"37048093","cashtag":"$FTNT","sentiment score":0.9},{"id":"719576182941958144","cashtag":"$FB","sentiment score":0.75},{"id":"13152807","cashtag":"$AAPL","sentiment score":0.73},{"id":"719520260181909504","cashtag":"$TSLA","sentiment score":-0.71},{"id":"719753696339472384","cashtag":"$AAPL","sentiment score":-0.72},{"id":"719872154641244160","cashtag":"$SBUX","sentiment score":-1},{"id":"709389876295110656","cashtag":"$BITA","sentiment score":1},{"id":"719849703106551808","cashtag":"$CRM","sentiment score":0.99},{"id":"9162226","cashtag":"$SBUX","sentiment score":0.93},{"id":"5386257","cashtag":"$RIMM","sentiment score":0.63},{"id":"719515579372077056","cashtag":"$SPY","sentiment score":1},{"id":"22780978","cashtag":"$TLT","sentiment score":0.98},{"id":"11238707","cashtag":"$UVXY","sentiment score":0.92},{"id":"710158462253142016","cashtag":"$QQQ","sentiment score":0.99},{"id":"719616495962066944","cashtag":"$GOOGL","sentiment score":-0.76},{"id":"719533378698100736","cashtag":"$C","sentiment score":-0.88},{"id":"8499556","cashtag":"$ACAD","sentiment score":0.84},{"id":"38895736","cashtag":"$QJPN","sentiment score":0.98},{"id":"709777793798656000","cashtag":"$WSM","sentiment score":0.98},{"id":"13024560","cashtag":"$AAPL","sentiment score":-0.963},{"id":"719506353421709312","cashtag":"$COST","sentiment score":0.96},{"id":"35257107","cashtag":"$BB.CA","sentiment score":0.98},{"id":"8260657","cashtag":"$ARNA","sentiment score":0.98},{"id":"710827150266355712","cashtag":"$ADBE","sentiment score":0.91},{"id":"39047349","cashtag":"$ASMB","sentiment score":-1},{"id":"709765994416365568","cashtag":"$WFM","sentiment score":0.76},{"id":"719534447771697152","cashtag":"$TSLA","sentiment score":-0.87},{"id":"709743356428025856","cashtag":"$AAPL","sentiment score":0.97},{"id":"10602596","cashtag":"$CHMT","sentiment score":0.96},{"id":"719571428060766208","cashtag":"$TSLA","sentiment score":-0.92},{"id":"39047349","cashtag":"$ALR","sentiment score":-1},{"id":"719796218071621632","cashtag":"$AAPL","sentiment score":-0.56},{"id":"10920221","cashtag":"$BAC","sentiment score":0.95},{"id":"710142505493405696","cashtag":"$TSLA","sentiment score":-0.57},{"id":"14140852","cashtag":"$SPLS","sentiment score":0.94},{"id":"6267912","cashtag":"$AAPL","sentiment score":-0.55},{"id":"709973585226571776","cashtag":"$JD","sentiment score":0.95},{"id":"5721348","cashtag":"$SPY","sentiment score":0.95},{"id":"719849703106551808","cashtag":"$CHKP","sentiment score":0.99},{"id":"25571322","cashtag":"$DNKN","sentiment score":1},{"id":"5441240","cashtag":"$FAST","sentiment score":0.99},{"id":"9982140","cashtag":"$VVUS","sentiment score":1},{"id":"708406053973659648","cashtag":"$TWTR","sentiment score":-0.98},{"id":"719693593066258432","cashtag":"$GOOG","sentiment score":0.79},{"id":"5614354","cashtag":"$MVIS","sentiment score":-0.84},{"id":"32427089","cashtag":"$STX","sentiment score":1},{"id":"15946770","cashtag":"$IRE","sentiment score":0.52},{"id":"709431643363213312","cashtag":"$TSLA","sentiment score":0.72},{"id":"719535209423593472","cashtag":"$YHOO","sentiment score":0.74},{"id":"14655289","cashtag":"$SPY","sentiment score":0.86},{"id":"28061995","cashtag":"$PCLN","sentiment score":0.68},{"id":"25571322","cashtag":"$LOCO","sentiment score":1},{"id":"7040295","cashtag":"$NIHD","sentiment score":0.64},{"id":"24815315","cashtag":"$IBB","sentiment score":0.96},{"id":"709411365299982336","cashtag":"$SH","sentiment score":0.95},{"id":"719891971360165888","cashtag":"$SBUX","sentiment score":0.7},{"id":"710211237058093056","cashtag":"$AXP","sentiment score":0.85},{"id":"21024991","cashtag":"$TSLA","sentiment score":-0.89},{"id":"32349177","cashtag":"$HAL","sentiment score":0.9},{"id":"39048817","cashtag":"$NBG","sentiment score":0.88},{"id":"34122674","cashtag":"$AMBA","sentiment score":-0.94},{"id":"719615643918577664","cashtag":"$AAPL","sentiment score":1},{"id":"21174505","cashtag":"$ADBE","sentiment score":-0.93},{"id":"25032300","cashtag":"$AAPL","sentiment score":0.7},{"id":"708399906990329856","cashtag":"$ISRG","sentiment score":0.91},{"id":"719572285170933760","cashtag":"$TSLA","sentiment score":-0.91},{"id":"32753195","cashtag":"$BITA","sentiment score":0.91},{"id":"5806487","cashtag":"$NFLX","sentiment score":-0.98},{"id":"719864087132442624","cashtag":"$DAL","sentiment score":0.86},{"id":"709758795648409600","cashtag":"$FB","sentiment score":0.893},{"id":"7737263","cashtag":"$INCY","sentiment score":0.77},{"id":"719493174167625728","cashtag":"$UWTI","sentiment score":0.76},{"id":"19500150","cashtag":"$F","sentiment score":0.88},{"id":"10413981","cashtag":"$AAPL","sentiment score":-0.87},{"id":"719467784007192576","cashtag":"$CTXS","sentiment score":0.51},{"id":"9999828","cashtag":"$FB","sentiment score":0.76},{"id":"719864087132442624","cashtag":"$SPY","sentiment score":0.86},{"id":"17610673","cashtag":"$MSFT","sentiment score":-0.95},{"id":"5554666","cashtag":"$GMCR","sentiment score":0.69},{"id":"710863854381563904","cashtag":"$VXX","sentiment score":0.81},{"id":"719535506980265984","cashtag":"$DIS","sentiment score":0.97},{"id":"38563467","cashtag":"$BBRY","sentiment score":-0.81},{"id":"5795737","cashtag":"$GD","sentiment score":0.97},{"id":"14756968","cashtag":"$AAPL","sentiment score":0.93},{"id":"708416296665399296","cashtag":"$CSCO","sentiment score":0.93},{"id":"710060125063614464","cashtag":"$NFLX","sentiment score":-0.93},{"id":"15928669","cashtag":"$FRS","sentiment score":0.7},{"id":"719661137411747840","cashtag":"$CSCO","sentiment score":-0.96},{"id":"719519136318169088","cashtag":"$FB","sentiment score":-0.99},{"id":"17785769","cashtag":"$V","sentiment score":1},{"id":"719720776027353088","cashtag":"$STX","sentiment score":0.97},{"id":"710532117164232704","cashtag":"$CTXS","sentiment score":0.85},{"id":"12799689","cashtag":"$AAPL","sentiment score":-0.52},{"id":"8123917","cashtag":"$AAPL","sentiment score":-0.51},{"id":"709362616578154496","cashtag":"$GOOG","sentiment score":-0.89},{"id":"710822084579086336","cashtag":"$SPY","sentiment score":0.98},{"id":"709834259687710720","cashtag":"$SID","sentiment score":-0.94},{"id":"12790708","cashtag":"$NOK","sentiment score":0.8},{"id":"719873426136150016","cashtag":"$SBUX","sentiment score":-0.95},{"id":"719609967565803520","cashtag":"$AMS","sentiment score":0.76},{"id":"8308437","cashtag":"$KORS","sentiment score":0.95},{"id":"24504842","cashtag":"$KGC","sentiment score":0.64},{"id":"37340646","cashtag":"$ZIOP","sentiment score":0.8},{"id":"719620962094870528","cashtag":"$YHOO","sentiment score":0.79},{"id":"7177668","cashtag":"$EZPW","sentiment score":0.98},{"id":"12732850","cashtag":"$AAPL","sentiment score":0.6},{"id":"719811329922625536","cashtag":"$AMZN","sentiment score":0.8},{"id":"711712771675652096","cashtag":"$TSLA","sentiment score":-0.87},{"id":"719634617465081856","cashtag":"$YHOO","sentiment score":0.82},{"id":"710211237058093056","cashtag":"$WMT","sentiment score":0.85},{"id":"719937548668256256","cashtag":"$AAL","sentiment score":0.72},{"id":"18038613","cashtag":"$BRCM","sentiment score":0.84},{"id":"9393661","cashtag":"$SPY","sentiment score":-0.57},{"id":"31143613","cashtag":"$MSFT","sentiment score":0.81},{"id":"719661137411747840","cashtag":"$JNPR","sentiment score":-0.96},{"id":"8746240","cashtag":"$QCOR","sentiment score":0.75},{"id":"5512185","cashtag":"$SSO","sentiment score":0.91},{"id":"30741682","cashtag":"$HPJ","sentiment score":-0.94},{"id":"38028268","cashtag":"$LPTH","sentiment score":0.73},{"id":"709483088603119616","cashtag":"$BMRN","sentiment score":0.91},{"id":"6783339","cashtag":"$HGSI","sentiment score":0.99},{"id":"38793629","cashtag":"$PVA","sentiment score":0.85},{"id":"719486879842902016","cashtag":"$FB","sentiment score":0.71},{"id":"719644552047362048","cashtag":"$YHOO","sentiment score":-0.97},{"id":"9182739","cashtag":"$EWJ","sentiment score":0.73},{"id":"24504842","cashtag":"$CSCO","sentiment score":0.64},{"id":"38240250","cashtag":"$PBMD","sentiment score":0.7},{"id":"719556016749330432","cashtag":"$W","sentiment score":-0.83},{"id":"32427089","cashtag":"$DTV","sentiment score":1},{"id":"11149717","cashtag":"$HLF","sentiment score":-0.72},{"id":"35559365","cashtag":"$AAPL","sentiment score":-0.61},{"id":"711910931937112064","cashtag":"$EROS","sentiment score":0.65},{"id":"719923191058210816","cashtag":"$GILD","sentiment score":0.86},{"id":"710187873492983808","cashtag":"$HZNP","sentiment score":-0.912},{"id":"709398139195641856","cashtag":"$CTRP","sentiment score":0.96},{"id":"709765435546185728","cashtag":"$NEIK","sentiment score":1},{"id":"13286015","cashtag":"$TXRH","sentiment score":0.99},{"id":"710863854381563904","cashtag":"$BAC","sentiment score":1},{"id":"29679970","cashtag":"$CO","sentiment score":1},{"id":"39048791","cashtag":"$WYNN","sentiment score":-0.52},{"id":"719884758520606720","cashtag":"$FB","sentiment score":0.727},{"id":"719534350509948928","cashtag":"$AAPL","sentiment score":0.568},{"id":"719725258480046080","cashtag":"$TSLA","sentiment score":0.79},{"id":"6003051","cashtag":"$BMO","sentiment score":0.81},{"id":"27434594","cashtag":"$SPY","sentiment score":0.95},{"id":"710863854381563904","cashtag":"$EEM","sentiment score":1},{"id":"710130452808536064","cashtag":"$MSFT","sentiment score":0.52},{"id":"13277173","cashtag":"$PAY","sentiment score":-0.77},{"id":"5514207","cashtag":"$FXI","sentiment score":0.7},{"id":"22167633","cashtag":"$FB","sentiment score":0.78},{"id":"25330712","cashtag":"$CSOD","sentiment score":0.96},{"id":"6206304","cashtag":"$FIO","sentiment score":0.76},{"id":"711956003999211520","cashtag":"$BIB","sentiment score":0.89},{"id":"710849407844028416","cashtag":"$AMZN","sentiment score":0.97},{"id":"719529978308603904","cashtag":"$NXPI","sentiment score":0.88},{"id":"6763560","cashtag":"$AAPL","sentiment score":0.82},{"id":"10103332","cashtag":"$CAT","sentiment score":-0.94},{"id":"709777793798656000","cashtag":"$RF","sentiment score":1},{"id":"719513471289860096","cashtag":"$YHOO","sentiment score":0.86},{"id":"710620435121971200","cashtag":"$NFLX","sentiment score":1},{"id":"29712507","cashtag":"$HAL","sentiment score":-0.95},{"id":"24229806","cashtag":"$APP","sentiment score":0.74},{"id":"27655637","cashtag":"$GTAT","sentiment score":0.89},{"id":"719563779378438144","cashtag":"$SBRY","sentiment score":0.99},{"id":"719535349379284992","cashtag":"$FB","sentiment score":1},{"id":"26218325","cashtag":"$PLUG","sentiment score":-0.85},{"id":"719519346557657088","cashtag":"$SPY","sentiment score":-1},{"id":"21368480","cashtag":"$MSFT","sentiment score":-1},{"id":"719500525914492928","cashtag":"$AAPL","sentiment score":0.92},{"id":"7737263","cashtag":"$CALX","sentiment score":0.54},{"id":"719532321855025152","cashtag":"$TSLA","sentiment score":0.9},{"id":"18249994","cashtag":"$BAC","sentiment score":1},{"id":"23416197","cashtag":"$HRL","sentiment score":-0.88},{"id":"26943825","cashtag":"$VIPS","sentiment score":-0.51},{"id":"719528681605959680","cashtag":"$PYPL","sentiment score":-0.96},{"id":"7139227","cashtag":"$SPPI","sentiment score":0.92},{"id":"24458298","cashtag":"$INO","sentiment score":-0.9},{"id":"719478441544925184","cashtag":"$EURUSD","sentiment score":0.97},{"id":"29012822","cashtag":"$FCX","sentiment score":1},{"id":"719523247604285440","cashtag":"$SBUX","sentiment score":1},{"id":"14695795","cashtag":"$BBRY","sentiment score":0.87},{"id":"719597174946992128","cashtag":"$HOT","sentiment score":0.9},{"id":"711946103189426176","cashtag":"$PYPL","sentiment score":0.84},{"id":"7284904","cashtag":"$AAPL","sentiment score":-0.76},{"id":"6135022","cashtag":"$GS","sentiment score":0.92},{"id":"719535831040401408","cashtag":"$SPY","sentiment score":-0.79},{"id":"13028004","cashtag":"$VECO","sentiment score":0.93},{"id":"12108658","cashtag":"$LNKD","sentiment score":0.77},{"id":"6148018","cashtag":"$SPY","sentiment score":-0.96},{"id":"17025255","cashtag":"$FB","sentiment score":0.923},{"id":"710863854381563904","cashtag":"$GS","sentiment score":1},{"id":"9346026","cashtag":"$AMRN","sentiment score":-0.62},{"id":"719909604654624768","cashtag":"$SCTY","sentiment score":0.99},{"id":"719575574101016576","cashtag":"$SPY","sentiment score":-0.827},{"id":"709745040826966016","cashtag":"$LUV","sentiment score":0.79},{"id":"719927267867103232","cashtag":"$TSLA","sentiment score":0.54},{"id":"13552568","cashtag":"$BBRY","sentiment score":-0.76},{"id":"5466785","cashtag":"$WYNN","sentiment score":-0.78},{"id":"719945914270556160","cashtag":"$GOOG","sentiment score":-0.563},{"id":"33296832","cashtag":"$AAPL","sentiment score":0.93},{"id":"709779449663721472","cashtag":"$IVZ","sentiment score":-1},{"id":"5703818","cashtag":"$AAPL","sentiment score":-0.85},{"id":"10041230","cashtag":"$LYB","sentiment score":0.7},{"id":"719574026134237184","cashtag":"$AAPL","sentiment score":-0.657},{"id":"5679790","cashtag":"$WTS","sentiment score":0.97},{"id":"5801762","cashtag":"$TIBX","sentiment score":-0.92},{"id":"13415559","cashtag":"$HMC","sentiment score":0.9},{"id":"22410112","cashtag":"$GLUU","sentiment score":0.96},{"id":"719665168431456256","cashtag":"$IPG","sentiment score":0.95},{"id":"708960045799759872","cashtag":"$F","sentiment score":-1},{"id":"719528591168565248","cashtag":"$STX","sentiment score":1},{"id":"719599233280512000","cashtag":"$GOOG","sentiment score":0.88},{"id":"28127317","cashtag":"$CYTR","sentiment score":0.7},{"id":"719549796994813952","cashtag":"$AMGN","sentiment score":0.59},{"id":"8056516","cashtag":"$WGO&","sentiment score":-0.9},{"id":"8168244","cashtag":"$UNG","sentiment score":-0.68},{"id":"710580416634171392","cashtag":"$AAPL","sentiment score":0.719},{"id":"5350721","cashtag":"$TZA","sentiment score":0.97},{"id":"19869247","cashtag":"$NDX","sentiment score":0.94},{"id":"15208067","cashtag":"$CLF","sentiment score":0.97},{"id":"719849703106551808","cashtag":"$ATVI","sentiment score":0.99},{"id":"710232348738985984","cashtag":"$FB","sentiment score":0.99},{"id":"10932475","cashtag":"$AAPL","sentiment score":-0.51},{"id":"9739175","cashtag":"$AAPL","sentiment score":0.87},{"id":"35161526","cashtag":"$OPK","sentiment score":-0.53},{"id":"709777793798656000","cashtag":"$HTZ","sentiment score":1},{"id":"15479707","cashtag":"$BBRY","sentiment score":-0.91},{"id":"719532032305573888","cashtag":"$ULTA","sentiment score":0.93},{"id":"36961143","cashtag":"$AAPL","sentiment score":0.82},{"id":"719614954500857856","cashtag":"$CFG","sentiment score":1},{"id":"5898485","cashtag":"$ACOM","sentiment score":-0.59},{"id":"719540521576882176","cashtag":"$AMZN","sentiment score":-0.66},{"id":"719869785249460224","cashtag":"$TRIP","sentiment score":-0.9},{"id":"719656300863299584","cashtag":"$VIAB","sentiment score":0.89},{"id":"24946705","cashtag":"$ACRX","sentiment score":0.95},{"id":"719545628985004032","cashtag":"$NFLX","sentiment score":0.81},{"id":"711022398322008064","cashtag":"$ISRG","sentiment score":0.78},{"id":"30800444","cashtag":"$DNKN","sentiment score":1},{"id":"35143213","cashtag":"$GPRO","sentiment score":1},{"id":"719623898627616768","cashtag":"$SBUX","sentiment score":0.82},{"id":"5849433","cashtag":"$IP","sentiment score":1},{"id":"719503915591413760","cashtag":"$BBBY","sentiment score":0.9},{"id":"27783065","cashtag":"$RXII","sentiment score":0.88},{"id":"710221245716021248","cashtag":"$GOOG","sentiment score":0.611},{"id":"709738392968364032","cashtag":"$AAPL","sentiment score":0.89},{"id":"719950370294792192","cashtag":"$ITC","sentiment score":1},{"id":"719859934662365184","cashtag":"$AAPL","sentiment score":0.51},{"id":"35243913","cashtag":"$ENB.CA","sentiment score":0.97},{"id":"719530483898421248","cashtag":"$NFLX","sentiment score":0.7},{"id":"5679790","cashtag":"$EK","sentiment score":-0.95},{"id":"15256814","cashtag":"$AAPL","sentiment score":0.803},{"id":"719652260322476032","cashtag":"$BLUE","sentiment score":-0.99},{"id":"5481072","cashtag":"$SDS","sentiment score":-0.82},{"id":"719571578892206080","cashtag":"$FB","sentiment score":0.85},{"id":"709382760092160000","cashtag":"$TSLA","sentiment score":0.97},{"id":"719914922310643712","cashtag":"$EBAY","sentiment score":0.75},{"id":"719519768349249536","cashtag":"$TSLA","sentiment score":-0.75},{"id":"719612808913006592","cashtag":"$FB","sentiment score":0.92},{"id":"709580205204099072","cashtag":"$REGN","sentiment score":-0.5},{"id":"37400198","cashtag":"$FREE","sentiment score":0.82},{"id":"719547552874512384","cashtag":"$AAL","sentiment score":1},{"id":"708355634857529344","cashtag":"$LNC","sentiment score":1},{"id":"710145820939706368","cashtag":"$ADBE","sentiment score":0.94},{"id":"35596867","cashtag":"$XLU","sentiment score":0.73},{"id":"26722177","cashtag":"$RXII","sentiment score":0.98},{"id":"38242955","cashtag":"$CPIX","sentiment score":0.86},{"id":"6190411","cashtag":"$MU","sentiment score":0.86},{"id":"36657723","cashtag":"$PAL","sentiment score":-0.74},{"id":"8301393","cashtag":"$AAPL","sentiment score":-0.91},{"id":"33349961","cashtag":"$AMZN","sentiment score":-0.77},{"id":"13998560","cashtag":"$SPY","sentiment score":-0.96},{"id":"710211237058093056","cashtag":"$CSCO","sentiment score":0.85},{"id":"37081094","cashtag":"$XLE","sentiment score":-0.7},{"id":"719545488702177280","cashtag":"$M","sentiment score":1},{"id":"16084152","cashtag":"$AAPL","sentiment score":-0.91},{"id":"719869647907110912","cashtag":"$SBUX","sentiment score":-0.62},{"id":"708355634857529344","cashtag":"$DHI","sentiment score":1},{"id":"24943436","cashtag":"$FTI","sentiment score":0.96},{"id":"709779449663721472","cashtag":"$AMGN","sentiment score":-0.8},{"id":"7043040","cashtag":"$AAPL","sentiment score":-0.93},{"id":"711720585143967744","cashtag":"$FB","sentiment score":0.98},{"id":"5359914","cashtag":"$TZA","sentiment score":0.91},{"id":"719555610497273856","cashtag":"$AMZN","sentiment score":0.77},{"id":"5514207","cashtag":"$SLW","sentiment score":0.7},{"id":"719905344957222912","cashtag":"$IBM","sentiment score":0.91},{"id":"5853626","cashtag":"$AAPL","sentiment score":-0.59},{"id":"719497506808328192","cashtag":"$INTU","sentiment score":0.707},{"id":"7678713","cashtag":"$QCOM","sentiment score":0.74},{"id":"12248515","cashtag":"$GE","sentiment score":1},{"id":"719891827529281536","cashtag":"$INTC","sentiment score":0.81},{"id":"12319255","cashtag":"$UVXY","sentiment score":0.86},{"id":"21130209","cashtag":"$SPY","sentiment score":0.91},{"id":"710060125063614464","cashtag":"$FB","sentiment score":-0.92},{"id":"13134473","cashtag":"$AAPL","sentiment score":0.68},{"id":"19388705","cashtag":"$GA","sentiment score":-0.86},{"id":"31143613","cashtag":"$NQ","sentiment score":0.81},{"id":"719544293606735872","cashtag":"$WDC","sentiment score":0.97},{"id":"9099325","cashtag":"$AAPL","sentiment score":-0.68},{"id":"12248515","cashtag":"$SWHC","sentiment score":1},{"id":"21985811","cashtag":"$DDD","sentiment score":-0.87},{"id":"19639364","cashtag":"$CTRP","sentiment score":0.99},{"id":"21382309","cashtag":"$AA","sentiment score":1},{"id":"30827588","cashtag":"$AREX","sentiment score":-0.98},{"id":"5285681","cashtag":"$TZA","sentiment score":0.81},{"id":"719884784672120832","cashtag":"$AAPL","sentiment score":0.87},{"id":"35898170","cashtag":"$BIOC","sentiment score":0.99},{"id":"14631536","cashtag":"$OSUR","sentiment score":0.85},{"id":"5983670","cashtag":"$LNT","sentiment score":0.76},{"id":"25816362","cashtag":"$TWTR","sentiment score":1},{"id":"719528411430051840","cashtag":"$TSLA","sentiment score":0.93},{"id":"709741154393133056","cashtag":"$CVX","sentiment score":-1},{"id":"5462494","cashtag":"$SPY","sentiment score":0.89},{"id":"38960261","cashtag":"$MCD","sentiment score":-0.79},{"id":"8658550","cashtag":"$AGU","sentiment score":0.77},{"id":"709834259687710720","cashtag":"$ZYNE","sentiment score":-1},{"id":"719536774821867520","cashtag":"$MINE","sentiment score":1},{"id":"30506310","cashtag":"$GPRO","sentiment score":0.8},{"id":"719869800726544384","cashtag":"$BIDU","sentiment score":0.66},{"id":"21272771","cashtag":"$NFLX","sentiment score":-0.72},{"id":"15852778","cashtag":"$RNN","sentiment score":0.95},{"id":"719520125582503936","cashtag":"$MFA","sentiment score":-1},{"id":"14308451","cashtag":"$SLV","sentiment score":-0.95},{"id":"9430169","cashtag":"$CSCO","sentiment score":0.52},{"id":"22514242","cashtag":"$ATRS","sentiment score":0.71},{"id":"719609780000657408","cashtag":"$OASM","sentiment score":-0.84},{"id":"8054825","cashtag":"$FB","sentiment score":-0.9},{"id":"5426139","cashtag":"$AAPL","sentiment score":0.73},{"id":"5540055","cashtag":"$F","sentiment score":-0.96},{"id":"719540521576882176","cashtag":"$GPRO","sentiment score":0.92},{"id":"719847471036375040","cashtag":"$NFLX","sentiment score":0.92},{"id":"8896901","cashtag":"$AAPL","sentiment score":-0.8},{"id":"7867073","cashtag":"$HLF","sentiment score":-0.61},{"id":"33983714","cashtag":"$XLU","sentiment score":0.99},{"id":"7817758","cashtag":"$AAPL","sentiment score":-0.88},{"id":"5684290","cashtag":"$FIX","sentiment score":0.62},{"id":"29960476","cashtag":"$QQQ","sentiment score":0.93},{"id":"5819749","cashtag":"$LNKD","sentiment score":-0.65},{"id":"710060125063614464","cashtag":"$GOOGL","sentiment score":-0.97},{"id":"719909604654624768","cashtag":"$GOOGL","sentiment score":0.99},{"id":"19135590","cashtag":"$NQ","sentiment score":-0.82},{"id":"8870370","cashtag":"$HZNP","sentiment score":0.89},{"id":"8307465","cashtag":"$ARNA","sentiment score":-0.9},{"id":"709818213618442240","cashtag":"$ENDP","sentiment score":1},{"id":"10932475","cashtag":"$AMZN","sentiment score":-0.51},{"id":"719571725420269568","cashtag":"$YHOO","sentiment score":-0.66},{"id":"11781180","cashtag":"$COMPQ","sentiment score":-0.98},{"id":"719473167945732096","cashtag":"$ACET","sentiment score":-0.98},{"id":"719627739347755008","cashtag":"$MSFT","sentiment score":0.66},{"id":"719665168431456256","cashtag":"$NLSN","sentiment score":0.95},{"id":"34366754","cashtag":"$PLUG","sentiment score":0.97},{"id":"7800016","cashtag":"$SU","sentiment score":0.98},{"id":"719904304207962112","cashtag":"$ALK","sentiment score":1},{"id":"710541213422776320","cashtag":"$GOOGL","sentiment score":0.65},{"id":"30800471","cashtag":"$JCP","sentiment score":-0.8},{"id":"719904304207962112","cashtag":"$DAL","sentiment score":1},{"id":"719535349379284992","cashtag":"$NFLX","sentiment score":1},{"id":"7867073","cashtag":"$SBH","sentiment score":-0.61},{"id":"719535349379284992","cashtag":"$AAPL","sentiment score":1},{"id":"7820993","cashtag":"$YOKU","sentiment score":0.82},{"id":"719530996681568256","cashtag":"$BLUE","sentiment score":-1},{"id":"12767826","cashtag":"$SPN","sentiment score":0.97},{"id":"13673151","cashtag":"$AAPL","sentiment score":-0.52},{"id":"710117230718148608","cashtag":"$AAPL","sentiment score":-0.877},{"id":"719596613874745344","cashtag":"$FB","sentiment score":0.68},{"id":"26491756","cashtag":"$PLUG","sentiment score":0.87},{"id":"719551394798268416","cashtag":"$APC","sentiment score":1},{"id":"711874109286711296","cashtag":"$TSLA","sentiment score":1},{"id":"719607788364832768","cashtag":"$AAPL","sentiment score":-0.77},{"id":"719572485251973120","cashtag":"$TSLA","sentiment score":0.97},{"id":"719699054645612544","cashtag":"$CWEI","sentiment score":-0.99},{"id":"22409313","cashtag":"$LF","sentiment score":1},{"id":"8063870","cashtag":"$FB","sentiment score":0.84},{"id":"719683753916899328","cashtag":"$FB","sentiment score":0.7},{"id":"27018625","cashtag":"$SLV","sentiment score":-0.75},{"id":"719872154641244160","cashtag":"$MT","sentiment score":-1},{"id":"5359658","cashtag":"$FIO","sentiment score":0.62},{"id":"710594321481801728","cashtag":"$ICLR","sentiment score":0.95},{"id":"17919593","cashtag":"$QIHU","sentiment score":0.92},{"id":"711956003999211520","cashtag":"$IBB","sentiment score":0.89},{"id":"9182739","cashtag":"$EWH","sentiment score":0.73},{"id":"719517217247735808","cashtag":"$SA","sentiment score":1},{"id":"719699054645612544","cashtag":"$CTRP","sentiment score":-0.99},{"id":"13946775","cashtag":"$SPY","sentiment score":-0.9},{"id":"14898527","cashtag":"$FB","sentiment score":0.63},{"id":"17807004","cashtag":"$P","sentiment score":0.59},{"id":"9655994","cashtag":"$AMRN","sentiment score":0.89},{"id":"719909604654624768","cashtag":"$STZ","sentiment score":0.99},{"id":"14374679","cashtag":"$MCP","sentiment score":0.58},{"id":"719520383699824640","cashtag":"$GOOGL","sentiment score":0.98},{"id":"719572927562297344","cashtag":"$TSLA","sentiment score":-0.96},{"id":"719559558494969856","cashtag":"$CTRP","sentiment score":0.78},{"id":"719699054645612544","cashtag":"$OASM","sentiment score":-0.99},{"id":"719508490616762368","cashtag":"$FB","sentiment score":0.72},{"id":"6132955","cashtag":"$AAPL","sentiment score":-0.83},{"id":"719627436447535104","cashtag":"$JJSF","sentiment score":-0.97},{"id":"719614954500857856","cashtag":"$INVA","sentiment score":1},{"id":"30091485","cashtag":"$JNUG","sentiment score":0.78},{"id":"10698860","cashtag":"$GOOG","sentiment score":0.86},{"id":"35960005","cashtag":"$TSLA","sentiment score":-0.87},{"id":"719884293732847616","cashtag":"$AMZN","sentiment score":0.76},{"id":"38651699","cashtag":"$SGYP","sentiment score":0.88},{"id":"9456018","cashtag":"$AMRN","sentiment score":0.95},{"id":"5934720","cashtag":"$FMCN","sentiment score":-0.84},{"id":"710863854381563904","cashtag":"$CMG","sentiment score":1},{"id":"710541216698335232","cashtag":"$CSCO","sentiment score":0.95},{"id":"32381426","cashtag":"$BDI","sentiment score":-0.96},{"id":"719942280258322432","cashtag":"$NFLX","sentiment score":0.88},{"id":"13895720","cashtag":"$SPY","sentiment score":1},{"id":"719607804538044416","cashtag":"$EBAY","sentiment score":0.92},{"id":"13116484","cashtag":"$VOLC","sentiment score":0.81},{"id":"709948124849115136","cashtag":"$GILD","sentiment score":0.87},{"id":"719585827374895104","cashtag":"$VRX","sentiment score":-0.72},{"id":"15715060","cashtag":"$YHOO","sentiment score":-0.51},{"id":"719890047135281152","cashtag":"$QQQ","sentiment score":-1},{"id":"30403288","cashtag":"$GDX","sentiment score":0.97},{"id":"19639364","cashtag":"$BIDU","sentiment score":0.99},{"id":"7678713","cashtag":"$AAPL","sentiment score":0.74},{"id":"711188520115818496","cashtag":"$TSLA","sentiment score":-1},{"id":"9564221","cashtag":"$ANTH","sentiment score":0.69},{"id":"25735517","cashtag":"$PLUG","sentiment score":0.94},{"id":"719551384249634816","cashtag":"$YHOO","sentiment score":-0.81},{"id":"719630671220776960","cashtag":"$MRK","sentiment score":0.72},{"id":"7867073","cashtag":"$MNST","sentiment score":-0.61},{"id":"5576283","cashtag":"$AAPL","sentiment score":0.84},{"id":"710511181027536896","cashtag":"$AAPL","sentiment score":-0.86},{"id":"9298895","cashtag":"$NSM","sentiment score":0.81},{"id":"26037247","cashtag":"$SPY","sentiment score":1},{"id":"711907079296933888","cashtag":"$DVN","sentiment score":0.98},{"id":"24228488","cashtag":"$TROW","sentiment score":1},{"id":"719493174167625728","cashtag":"$SPX","sentiment score":0.76},{"id":"719680445550587904","cashtag":"$DANG","sentiment score":-0.94},{"id":"709779449663721472","cashtag":"$HRTX","sentiment score":-0.8},{"id":"719536774821867520","cashtag":"$ANPPF","sentiment score":1},{"id":"11041345","cashtag":"$AAPL","sentiment score":-0.6},{"id":"719877375102570496","cashtag":"$FAST","sentiment score":-0.82},{"id":"710232349779300352","cashtag":"$AAPL","sentiment score":-0.659},{"id":"719849703106551808","cashtag":"$AMZN","sentiment score":0.99},{"id":"37516896","cashtag":"$MATW","sentiment score":0.97},{"id":"8108130","cashtag":"$AAPL","sentiment score":0.55},{"id":"38428783","cashtag":"$SGYP","sentiment score":0.86},{"id":"709777793798656000","cashtag":"$ASHR","sentiment score":1},{"id":"6307787","cashtag":"$AMT","sentiment score":0.68},{"id":"29695868","cashtag":"$TXN","sentiment score":1},{"id":"8412634","cashtag":"$AMZN","sentiment score":-0.76},{"id":"709398151283793920","cashtag":"$TRIP","sentiment score":0.98},{"id":"6495505","cashtag":"$SINA","sentiment score":0.59},{"id":"710863854381563904","cashtag":"$C","sentiment score":1},{"id":"5350721","cashtag":"$TNA","sentiment score":0.54},{"id":"719881403970818048","cashtag":"$SBUX","sentiment score":0.97},{"id":"719862035396169728","cashtag":"$CSX","sentiment score":0.62},{"id":"719530610193137664","cashtag":"$CTRP","sentiment score":-0.76},{"id":"32430292","cashtag":"$SPY","sentiment score":-0.5},{"id":"710965451677827072","cashtag":"$M","sentiment score":1},{"id":"15804408","cashtag":"$AAPL","sentiment score":0.61},{"id":"15526518","cashtag":"$CYBX","sentiment score":-0.64},{"id":"38895736","cashtag":"$ITF","sentiment score":0.98},{"id":"719593062406598656","cashtag":"$FB","sentiment score":1},{"id":"8701834","cashtag":"$VVUS","sentiment score":-0.85},{"id":"5662488","cashtag":"$GMCR","sentiment score":-0.84},{"id":"31795627","cashtag":"$AKS","sentiment score":0.7},{"id":"6178538","cashtag":"$CAT","sentiment score":1},{"id":"6202274","cashtag":"$YHOO","sentiment score":0.7},{"id":"7842859","cashtag":"$SDS","sentiment score":0.98},{"id":"39047416","cashtag":"$COWN","sentiment score":0.89},{"id":"20249627","cashtag":"$ACAD","sentiment score":0.92},{"id":"719584100227526656","cashtag":"$WFM","sentiment score":0.59},{"id":"33172382","cashtag":"$BBRY","sentiment score":0.89},{"id":"11025416","cashtag":"$ARIA","sentiment score":0.88},{"id":"5704419","cashtag":"$XHB","sentiment score":0.79},{"id":"13560345","cashtag":"$AMRN","sentiment score":0.95},{"id":"6692038","cashtag":"$JNK","sentiment score":0.66},{"id":"719781150554722304","cashtag":"$JD","sentiment score":1},{"id":"12767826","cashtag":"$BHI","sentiment score":0.97},{"id":"719559500852662272","cashtag":"$WYN","sentiment score":0.75},{"id":"708898404181475328","cashtag":"$TSLA","sentiment score":0.75},{"id":"34060864","cashtag":"$KNDI","sentiment score":0.82},{"id":"719549030892744704","cashtag":"$AAPL","sentiment score":0.84},{"id":"29580219","cashtag":"$ARIA","sentiment score":0.97},{"id":"708351849796083712","cashtag":"$JBLU","sentiment score":0.78},{"id":"719900573856829440","cashtag":"$NLSN","sentiment score":-0.783},{"id":"710857137585528832","cashtag":"$VRX","sentiment score":0.91},{"id":"719536774821867520","cashtag":"$LIFE","sentiment score":1},{"id":"30827588","cashtag":"$OIL","sentiment score":-0.98},{"id":"26733780","cashtag":"$GTAT","sentiment score":0.92},{"id":"719937548668256256","cashtag":"$RIO","sentiment score":0.72},{"id":"13084809","cashtag":"$CRUS","sentiment score":0.66},{"id":"719535506980265984","cashtag":"$AMZN","sentiment score":0.97},{"id":"10586814","cashtag":"$AAPL","sentiment score":0.61},{"id":"8065304","cashtag":"$EFUT","sentiment score":1},{"id":"708385672998989824","cashtag":"$YHOO","sentiment score":0.7},{"id":"709420584979927040","cashtag":"$STX","sentiment score":0.89},{"id":"18365036","cashtag":"$YELP","sentiment score":0.97},{"id":"8596164","cashtag":"$SONC","sentiment score":0.86},{"id":"719875775097348096","cashtag":"$FB","sentiment score":0.84},{"id":"18706410","cashtag":"$SRPT","sentiment score":0.99},{"id":"719523999282278400","cashtag":"$ILMN","sentiment score":1},{"id":"20312961","cashtag":"$GE","sentiment score":0.89},{"id":"708399906990329856","cashtag":"$T","sentiment score":0.91},{"id":"709893877566582784","cashtag":"$CHKP","sentiment score":0.95},{"id":"13523414","cashtag":"$AL","sentiment score":0.88},{"id":"12767826","cashtag":"$FTI","sentiment score":0.97},{"id":"719540465188675584","cashtag":"$SIRI","sentiment score":0.97},{"id":"719612962013634560","cashtag":"$V","sentiment score":0.8},{"id":"719533807897047040","cashtag":"$AMZN","sentiment score":1},{"id":"7399381","cashtag":"$SMH","sentiment score":0.98},{"id":"719545584995028992","cashtag":"$AMGN","sentiment score":0.85},{"id":"710491410789752832","cashtag":"$AMZN","sentiment score":-0.84},{"id":"8067736","cashtag":"$GRPN","sentiment score":-0.59},{"id":"36925712","cashtag":"$NFLX","sentiment score":0.58},{"id":"719586430243090432","cashtag":"$NXPI","sentiment score":0.9},{"id":"710793306100228096","cashtag":"$TSE","sentiment score":0.75},{"id":"719515579372077056","cashtag":"$BLUE","sentiment score":1},{"id":"719535506980265984","cashtag":"$WMT","sentiment score":0.97},{"id":"13132243","cashtag":"$XLP","sentiment score":0.92},{"id":"7853493","cashtag":"$SPY","sentiment score":-0.86},{"id":"16084152","cashtag":"$LAMR","sentiment score":-0.91},{"id":"19034611","cashtag":"$ECA","sentiment score":-0.69},{"id":"10561783","cashtag":"$KCG","sentiment score":0.92},{"id":"12134471","cashtag":"$OKSB","sentiment score":0.93},{"id":"18526288","cashtag":"$NFLX","sentiment score":-0.76},{"id":"34332530","cashtag":"$HCP","sentiment score":0.91},{"id":"719523139730993152","cashtag":"$FB","sentiment score":-0.64},{"id":"719528176096030720","cashtag":"$TSLA","sentiment score":0.83},{"id":"10892920","cashtag":"$WPRT","sentiment score":0.92},{"id":"8205873","cashtag":"$GLD","sentiment score":0.57},{"id":"16915153","cashtag":"$JCP","sentiment score":-0.83},{"id":"8784472","cashtag":"$AWAY","sentiment score":0.77},{"id":"21778536","cashtag":"$BAXS","sentiment score":-1},{"id":"15249839","cashtag":"$DIA","sentiment score":0.86},{"id":"719905644648632320","cashtag":"$ATVI","sentiment score":0.89},{"id":"37312789","cashtag":"$NUE","sentiment score":1},{"id":"719602897479168000","cashtag":"$GOOGL","sentiment score":0.78},{"id":"32199482","cashtag":"$GILD","sentiment score":0.93},{"id":"719486879842902016","cashtag":"$FB","sentiment score":0.71},{"id":"20276674","cashtag":"$ARIA","sentiment score":0.94},{"id":"710115038011465728","cashtag":"$SDRL","sentiment score":1},{"id":"19869247","cashtag":"$SOX","sentiment score":0.94},{"id":"31015066","cashtag":"$UGAZ","sentiment score":-0.77},{"id":"13279906","cashtag":"$QQQ","sentiment score":0.91},{"id":"13451840","cashtag":"$ALXA","sentiment score":0.57},{"id":"719669537201725440","cashtag":"$JUNO","sentiment score":0.95},{"id":"719915781719347200","cashtag":"$ESRX","sentiment score":0.88},{"id":"39047584","cashtag":"$ETRM","sentiment score":-0.5},{"id":"35950566","cashtag":"$CLF","sentiment score":0.88},{"id":"719493174167625728","cashtag":"$NUGT","sentiment score":0.76},{"id":"15530874","cashtag":"$NVDQ","sentiment score":0.95},{"id":"20795798","cashtag":"$TSLA","sentiment score":-0.5},{"id":"719672950044106752","cashtag":"$TSLA","sentiment score":-0.96},{"id":"33674145","cashtag":"$ATHX","sentiment score":0.99},{"id":"5887305","cashtag":"$SPY","sentiment score":-0.82},{"id":"709019023921561600","cashtag":"$ISRG","sentiment score":0.58},{"id":"21805951","cashtag":"$RNN","sentiment score":0.58},{"id":"719652260322476032","cashtag":"$ICPT","sentiment score":-0.99},{"id":"5509901","cashtag":"$T","sentiment score":0.95},{"id":"37476848","cashtag":"$PX","sentiment score":-0.9},{"id":"25145744","cashtag":"$RAD","sentiment score":0.95},{"id":"5959915","cashtag":"$TSPT","sentiment score":1},{"id":"710554129844797440","cashtag":"$MDLZ","sentiment score":0.72},{"id":"708381020765052928","cashtag":"$JKHY","sentiment score":0.98},{"id":"710496429974888448","cashtag":"$ORCL","sentiment score":0.99},{"id":"719908259893616640","cashtag":"$AAPL","sentiment score":-0.81},{"id":"18405590","cashtag":"$JAZZ","sentiment score":0.92},{"id":"9369557","cashtag":"$ASTX","sentiment score":-0.9},{"id":"23526008","cashtag":"$WLL","sentiment score":0.89},{"id":"709439542089158656","cashtag":"$SPY","sentiment score":0.72},{"id":"25160682","cashtag":"$TWTR","sentiment score":0.71},{"id":"6929823","cashtag":"$SINA","sentiment score":0.74},{"id":"711987709972127744","cashtag":"$AAPL","sentiment score":1},{"id":"28703227","cashtag":"$PRGN","sentiment score":0.51},{"id":"11107935","cashtag":"$ET","sentiment score":0.79},{"id":"32648097","cashtag":"$AAPL","sentiment score":-0.95},{"id":"709731726726193152","cashtag":"$OUTR","sentiment score":1},{"id":"719611920110776320","cashtag":"$EBAY","sentiment score":-0.81},{"id":"710863854381563904","cashtag":"$GOOG","sentiment score":1},{"id":"21856695","cashtag":"$RDEN","sentiment score":0.99},{"id":"709834259687710720","cashtag":"$ASPS","sentiment score":-1},{"id":"710863854381563904","cashtag":"$CLF","sentiment score":1},{"id":"32427089","cashtag":"$PPC","sentiment score":1},{"id":"719517217247735808","cashtag":"$HTS","sentiment score":1},{"id":"709834259687710720","cashtag":"$VRX","sentiment score":-1},{"id":"719756644968763392","cashtag":"$BAMXY","sentiment score":0.64},{"id":"8504139","cashtag":"$SPY","sentiment score":-0.93},{"id":"719501877843349504","cashtag":"$NFLX","sentiment score":0.51},{"id":"14024460","cashtag":"$SCTY","sentiment score":0.98},{"id":"710143603524427776","cashtag":"$HD","sentiment score":1},{"id":"719549796994813952","cashtag":"$REGN","sentiment score":0.59},{"id":"10573348","cashtag":"$TEA","sentiment score":0.94},{"id":"719623868495728640","cashtag":"$JNPR","sentiment score":-0.9},{"id":"25969840","cashtag":"$AAPL","sentiment score":-0.67},{"id":"39050045","cashtag":"$WX","sentiment score":-0.97},{"id":"719901932169527296","cashtag":"$GOOGL","sentiment score":-0.61},{"id":"30919823","cashtag":"$FRO","sentiment score":0.97},{"id":"9756290","cashtag":"$WYNN","sentiment score":1},{"id":"709803667948318720","cashtag":"$AMZN","sentiment score":0.94},{"id":"38625785","cashtag":"$AMBA","sentiment score":-0.92},{"id":"16669526","cashtag":"$EBAY","sentiment score":-0.84},{"id":"719581208120844288","cashtag":"$SMH","sentiment score":0.97},{"id":"719528734299197440","cashtag":"$FB","sentiment score":-0.78},{"id":"719599233280512000","cashtag":"$ORCL","sentiment score":0.88},{"id":"719582524142403584","cashtag":"$V","sentiment score":-1},{"id":"719880627412148224","cashtag":"$FB","sentiment score":0.87},{"id":"709418142645137408","cashtag":"$FB","sentiment score":0.96},{"id":"719585625859428352","cashtag":"$GOOG","sentiment score":0.93},{"id":"16080172","cashtag":"$AMZN","sentiment score":1},{"id":"35904055","cashtag":"$IBIO","sentiment score":0.54},{"id":"719572200051879936","cashtag":"$TSLA","sentiment score":-0.66},{"id":"719599977480253440","cashtag":"$UA","sentiment score":1},{"id":"709439542089158656","cashtag":"$AAPL","sentiment score":0.72},{"id":"31099441","cashtag":"$AAPL","sentiment score":-0.74},{"id":"24462309","cashtag":"$BBRY","sentiment score":0.54},{"id":"710127113127530496","cashtag":"$SCTY","sentiment score":0.98},{"id":"32476166","cashtag":"$UGAZ","sentiment score":0.63},{"id":"12108658","cashtag":"$BIDU","sentiment score":0.77},{"id":"10310716","cashtag":"$HK","sentiment score":-0.92},{"id":"709749425208320000","cashtag":"$SYMC","sentiment score":0.63},{"id":"12248515","cashtag":"$CLWR","sentiment score":1},{"id":"22695238","cashtag":"$YELP","sentiment score":0.74},{"id":"31710623","cashtag":"$OCN","sentiment score":-0.5},{"id":"6006891","cashtag":"$PKT","sentiment score":0.92},{"id":"30632010","cashtag":"$UGAZ","sentiment score":0.66},{"id":"17792845","cashtag":"$GLD","sentiment score":0.99},{"id":"12105568","cashtag":"$TZA","sentiment score":-0.77},{"id":"719939196627116032","cashtag":"$IGE","sentiment score":0.96},{"id":"719599977480253440","cashtag":"$JPM","sentiment score":0.96},{"id":"708351849796083712","cashtag":"$MGM","sentiment score":0.78},{"id":"5960438","cashtag":"$AAPL","sentiment score":0.98},{"id":"719762401156034560","cashtag":"$INTC","sentiment score":-0.72},{"id":"719585607215808512","cashtag":"$YHOO","sentiment score":0.97},{"id":"719691311943536640","cashtag":"$AAPL","sentiment score":-0.65},{"id":"708433303922204672","cashtag":"$CMCSA","sentiment score":0.95},{"id":"13461331","cashtag":"$STX","sentiment score":-0.57},{"id":"34779026","cashtag":"$ISIS","sentiment score":0.88},{"id":"719599977480253440","cashtag":"$AA","sentiment score":1},{"id":"24061441","cashtag":"$ISR","sentiment score":0.95},{"id":"711377964647129088","cashtag":"$TSLA","sentiment score":-0.68},{"id":"12824244","cashtag":"$PCLN","sentiment score":-0.52},{"id":"23774048","cashtag":"$TNA","sentiment score":0.7},{"id":"5542818","cashtag":"$AMZN","sentiment score":-0.92}]
